<?xml version="1.0" encoding="UTF-8"?>
<configurationDescriptor version="94">
  <logicalFolder name="root" displayName="root" projectFiles="true" kind="ROOT">
    <df root="." name="0">
      <df name="src">
        <in>PololuController.cpp</in>
        <in>ROSMaestroController.cpp</in>
        <in>TimeoutSerial.cpp</in>
        <in>maestro_node.cpp</in>
      </df>
    </df>
    <logicalFolder name="ExternalFiles"
                   displayName="Important Files"
                   projectFiles="false"
                   kind="IMPORTANT_FILES_FOLDER">
      <itemPath>../../build/Makefile</itemPath>
    </logicalFolder>
  </logicalFolder>
  <sourceFolderFilter>^(nbproject)$</sourceFolderFilter>
  <sourceRootList>
    <Elem>.</Elem>
  </sourceRootList>
  <projectmakefile>../../build/Makefile</projectmakefile>
  <confs>
    <conf name="Default" type="0">
      <toolsSet>
        <compilerSet>default</compilerSet>
        <dependencyChecking>false</dependencyChecking>
        <rebuildPropChanged>false</rebuildPropChanged>
      </toolsSet>
      <codeAssistance>
      </codeAssistance>
      <makefileType>
        <makeTool>
          <buildCommandWorkingDir>../../build</buildCommandWorkingDir>
          <buildCommand>${MAKE} -f Makefile</buildCommand>
          <cleanCommand>${MAKE} -f Makefile clean</cleanCommand>
          <executablePath></executablePath>
        </makeTool>
      </makefileType>
      <item path="src/PololuController.cpp" ex="false" tool="1" flavor2="4">
        <ccTool>
          <incDir>
            <pElem>../../devel/include</pElem>
            <pElem>include</pElem>
            <pElem>/opt/ros/hydro/include</pElem>
            <pElem>../../build/maestro_node</pElem>
          </incDir>
          <preprocessorList>
            <Elem>ROS_BUILD_SHARED_LIBS=1</Elem>
            <Elem>ROS_PACKAGE_NAME="maestro_node"</Elem>
          </preprocessorList>
        </ccTool>
      </item>
      <item path="src/ROSMaestroController.cpp" ex="false" tool="1" flavor2="0">
        <ccTool>
          <incDir>
            <pElem>../../devel/include</pElem>
            <pElem>include</pElem>
            <pElem>/opt/ros/hydro/include</pElem>
            <pElem>../../build/maestro_node</pElem>
          </incDir>
          <preprocessorList>
            <Elem>ROS_BUILD_SHARED_LIBS=1</Elem>
            <Elem>ROS_PACKAGE_NAME="maestro_node"</Elem>
          </preprocessorList>
        </ccTool>
      </item>
      <item path="src/TimeoutSerial.cpp" ex="false" tool="1" flavor2="4">
      </item>
      <item path="src/maestro_node.cpp" ex="false" tool="1" flavor2="4">
        <ccTool>
          <incDir>
            <pElem>../../devel/include</pElem>
            <pElem>include</pElem>
            <pElem>/opt/ros/hydro/include</pElem>
            <pElem>../../build/maestro_node</pElem>
          </incDir>
          <preprocessorList>
            <Elem>ROS_BUILD_SHARED_LIBS=1</Elem>
            <Elem>ROS_PACKAGE_NAME="maestro_node"</Elem>
          </preprocessorList>
        </ccTool>
      </item>
    </conf>
  </confs>
</configurationDescriptor>
